ID,Name,cat,,model_code,alias,specs,imag,,
1372,Silvern Gc Pommelle Hz,Metallic,,NULL,"silvern-gc-pommelle-hz
",8ft. x 4ft.,silvern-gc-pommele-HZ.jpg,silvern-gc-pommele-HZ.jpg,
1373,"Silvern Na Burl

",Metallic,,NULL,"silvern-na-burl

",8ft. x 4ft.,silvern-NA-burl.jpg,silvern-NA-burl.jpg,
1374,"Bronze Ch Nut
",Metallic,,NV-B95,"bronze-ch-nut

",8ft. x 4ft.,NV-B95-bronze-ch-nut-Hz.jpg,NV-B95-bronze-ch-nut-Hz.jpg,
1375,"Bronze Es Figured
",Metallic,,NV-C18,"bronze-es-figured
",8ft. x 4ft.,NV-C18-bronze-es-figured.jpg,NV-C18-bronze-es-figured.jpg,
1376,"Silvern Nt Burl
",Metallic,,NULL,"silvern-nt-burl
",8ft. x 4ft.,silvern-nt-burl.jpg,silvern-nt-burl.jpg,
1377,"Silvern Gy Crotch
",Metallic,,NV-C02,"silvern-gy-crotch
",8ft. x 4ft.,NV-C02-silvern-gy-crotch.jpg,NV-C02-silvern-gy-crotch.jpg,
1378,"Coire Dw Crotch Hz
",Metallic,,NULL,"coire-dw-crotch-hz
",8ft. x 4ft.,COIRED-DW-CROTCH.jpg,COIRED-DW-CROTCH.jpg,
1379,"Bronze Sv Oak
",Metallic,,NV-B97,"bronze-sv-oak
",8ft. x 4ft.,NV-B97-BRONZE-SV-OAK.jpg,NV-B97-BRONZE-SV-OAK.jpg,
1380,"Coire Bn Santos
",Metallic,,NV-C15,"coire-bn-santos
",8ft. x 4ft.,NV-C15-coire-bn-santos.jpg,NV-C15-coire-bn-santos.jpg,
1381,"Silvern Gc Figured
",Metallic,,NV-B78,"silvern-gc-figured
",8ft. x 4ft.,NV-B78-silvern-gc-figured.jpg,NV-B78-silvern-gc-figured.jpg,
1382,"Bronze Sl Crown
",Metallic,,NV-C03,"bronze-sl-crown
",8ft. x 4ft.,NV-C03-bronze-sl-crown.jpg,NV-C03-bronze-sl-crown.jpg,
1383,"Silvern Dw Crotch
",Metallic,,NV-B80,silvern-dw-crotch,8ft. x 4ft.,NV-B80-silvern-dw-crotch.jpg,NV-B80-silvern-dw-crotch.jpg,
1384,"Silvern Nt Crotch
",Metallic,,NV-C06,"silvern-nt-crotch
",8ft. x 4ft.,NV-C06-silvern-nt-crotch.jpg,NV-C06-silvern-nt-crotch.jpg,
1385,Silvern Teca Wood,Metallic,,NULL,"silvern-teca-wood
",8ft. x 4ft.,silvern-teca-wood.jpg,silvern-teca-wood.jpg,
1386,Silvern Cs Sia,Metallic,,NULL,"silvern-cs-sia
",8ft. x 4ft.,silvern-cs-sia.jpg,silvern-cs-sia.jpg,
1387,Coire Ey Red,Metallic,,NULL,"coire-ey-red
",8ft. x 4ft.,COIRED-EY-RED.jpg,COIRED-EY-RED.jpg,
1388,Coire Teca Crotch,Metallic,,NULL,"coire-teca-crotch
",8ft. x 4ft.,COIRED-TECH-CROTCH.jpg,COIRED-TECH-CROTCH.jpg,
1389,Silvern Sr Figured,Metallic,,NV-B84,"silvern-sr-figured
",8ft. x 4ft.,NV-B84-silvern-sr-figured.jpg,NV-B84-silvern-sr-figured.jpg,
1390,Bronze Sv Oak Hz,Metallic,,NULL,bronze-sv-oak-hz,8ft. x 4ft.,Bronze-SV-Oak-Hz.jpg,Bronze-SV-Oak-Hz.jpg,
1391,Silvern Es Figured,Metallic,,NV-C17,silvern-es-figured,8ft. x 4ft.,NV-C17-silvern-es-figured.jpg,NV-C17-silvern-es-figured.jpg,
1392,Silvern El Burl,Metallic,,NULL,silvern-el-burl,8ft. x 4ft.,Silvern-EL-Burl.jpg,Silvern-EL-Burl.jpg,
1393,Coire Em Burl,Metallic,,NV-B77,coire-em-burl,8ft. x 4ft.,NV-B77-COIRE-EM-BURL.jpg,NV-B77-COIRE-EM-BURL.jpg,
1394,Silvern Dw Crotch Hz,Metallic,,NULL,silvern-dw-crotch-hz,8ft. x 4ft.,Silvern-DW-Crotch-Hz.jpg,Silvern-DW-Crotch-Hz.jpg,
1395,Silvern Gc Pommelle,Metallic,,NV-B72,silvern-gc-pommelle,8ft. x 4ft.,NV-B72-silvern-gc-pommele.jpg,NV-B72-silvern-gc-pommele.jpg,
1396,Coire Dw Crotch,Metallic,,NV-B79,coire-dw-crotch,8ft. x 4ft.,NV-B79-COIRE-DW-CROTCH.jpg,NV-B79-COIRE-DW-CROTCH.jpg,
1397,Bronze Gc Pommelle,Metallic,,NV-B99,bronze-gc-pommelle,8ft. x 4ft.,NV-B99-BRONZE-GC-Pommelle.jpg,NV-B99-BRONZE-GC-Pommelle.jpg,
1398,Silvern Em Burl,Metallic,,NV-B76,silvern-em-burl,8ft. x 4ft.,NV-B76-silvern-em-burl.jpg,NV-B76-silvern-em-burl.jpg,
1399,Silvern Rv Oak,Metallic,,NULL,silvern-rv-oak,8ft. x 4ft.,Silvern-RV-Oak.jpg,Silvern-RV-Oak.jpg,
1400,Coire Ak Burl,Metallic,,NV-B74,coire-ak-burl,8ft. x 4ft.,NV-B74-COIRE-AK-BURL.jpg,NV-B74-COIRE-AK-BURL.jpg,
1401,Coire Nl Figured,Metallic,,NV-C19,coire-nl-figured,8ft. x 4ft.,NV-C19-coire-nl-figured.jpg,NV-C19-coire-nl-figured.jpg,
1402,Bronze Nt Crotch,Metallic,,NV-B98,bronze-nt-crotch,8ft. x 4ft.,NV-B98-BRONZE-NT-CROTCH.jpg,NV-B98-BRONZE-NT-CROTCH.jpg,
1403,Coire Sp Pommelle,Metallic,,NV-B83,coire-sp-pommelle,8ft. x 4ft.,NV-B83-COIRE-SP-Pommelle.jpg,NV-B83-COIRE-SP-Pommelle.jpg,
1404,Silvern Gc Figured Hz,Metallic,,NULL,silvern-gc-figured-hz,8ft. x 4ft.,Silvern-GC-Figured-Hz.jpg,Silvern-GC-Figured-Hz.jpg,
1405,Silvern Ak Cluster,Metallic,,NULL,silvern-ak-cluster,8ft. x 4ft.,Silvern-AK-Cluster.jpg,Silvern-AK-Cluster.jpg,
1406,Hz. Silvern Gy Crotch,Metallic,,NULL,hz.-silvern-gy-crotch,8ft. x 4ft.,Hz.-Silvern-GY-Crotch.jpg,Hz.-Silvern-GY-Crotch.jpg,
1407,Silvern An Maple,Metallic,,NULL,silvern-an-maple,8ft. x 4ft.,Silvern-AN-Maple.jpg,Silvern-AN-Maple.jpg,
1408,Bronze Kt Pine,Metallic,,NULL,bronze-kt-pine,8ft. x 4ft.,Bronze-KT-Pine.jpg,Bronze-KT-Pine.jpg,
1409,Silvern Ak Burl,Metallic,,NULL,silvern-ak-burl,8ft. x 4ft.,Silvern-AK-Burl.jpg,Silvern-AK-Burl.jpg,
1410,Silvern Gn Maple,Metallic,,NV-C33,silvern-gn-maple,8ft. x 4ft.,NV-C33-silvern-gn-maple.jpg,NV-C33-silvern-gn-maple.jpg,
1411,"Silvern Ah Figured
",Metallic,,NV-C32,"silvern-ah-figured
",8ft. x 4ft.,NV-C32-silvern-ah-figured.jpg,NV-C32-silvern-ah-figured.jpg,
1412,Coire Rc Crotch,Metallic,,NV-D43,coire-rc-crotch,8ft. x 4ft.,NV-D43-coire-rc-crotch.jpg,NV-D43-coire-rc-crotch.jpg,
1413,Coire Tn Wood,Metallic,,NV-C92,coire-tn-wood,8ft. x 4ft.,NV-C92-coire-tn-wood.jpg,NV-C92-coire-tn-wood.jpg,
1414,Afro Bark,Mystique,,NV-534,afro-bark,8ft. x 4ft.,NV-534-Afro-Bark.jpg,NV-534-Afro-Bark.jpg,
1415,Antique Tree,Mystique,,NULL,antique-tree,8ft. x 4ft.,mystique-antique-tree-small.jpg,mystique-antique-tree-large.jpg,
1416,Bark Burn,Mystique,,NV-450,bark-burn,8ft. x 4ft.,NV-450-Bark-burn.jpg,NV-450-Bark-burn.jpg,
1417,Black Diamond Oak,Mystique,,NULL,black-diamond-oak,8ft. x 4ft.,mystique-black-diamond-oak-small.jpg,mystique-black-diamond-oak.jpg,
1418,Blush Wood,Mystique,,NULL,blush-wood,8ft. x 4ft.,,,
1419,Caramel Dusk,Mystique,,NULL,caramel-dusk,8ft. x 4ft.,mystique-caramel-dusk-small.jpg,mystique-caramel-dusk-large.jpg,
1420,Castanea Rays,Mystique,,NV-632,castanea-rays,8ft. x 4ft.,NV-632-Castanea-Rays.jpg,NV-632-Castanea-Rays.jpg,
1421,Choco Lure,Mystique,,NV-510,choco-lure,8ft. x 4ft.,NV-510-Choco-Lure.jpg,NV-510-Choco-Lure.jpg,
1422,Coco Flame,Mystique,,NULL,coco-flame,8ft. x 4ft.,,,
1423,Dark Bean,Mystique,,NV-438,dark-bean,8ft. x 4ft.,NV-438-Dark-Bean.jpg,NV-438-Dark-Bean.jpg,
1424,Dark Diva,Mystique,,NV-490,dark-diva,8ft. x 4ft.,NV-490-Dark-Diva.jpg,NV-490-Dark-Diva.jpg,
1425,Deep Grain,Mystique,,NV-439,deep-grain,8ft. x 4ft.,NV-439-Deep-Grain.jpg,NV-439-Deep-Grain.jpg,
1426,Desert Storm,Mystique,,NV-602,desert-storm,8ft. x 4ft.,NV-602-Desert-Storm.jpg,NV-602-Desert-Storm.jpg,
1427,Dusk Dew,Mystique,,NV-451,dusk-dew,8ft. x 4ft.,NV-451-Dusk-Dew.jpg,NV-451-Dusk-Dew.jpg,
1428,Hazelwood,Mystique,,NV-545,hazelwood,8ft. x 4ft.,NV-545-Hazelwood.jpg,NV-545-Hazelwood.jpg,
1429,Inferno,Mystique,,NV-605,inferno,8ft. x 4ft.,NV-605-Inferno.jpg,NV-605-Inferno.jpg,
1430,Mellon Dew,Mystique,,NV-555,mellon-dew,8ft. x 4ft.,NV-555-Mellon-Dew.jpg,NV-555-Mellon-Dew.jpg,
1431,Mirage,Mystique,,NV-600,mirage,8ft. x 4ft.,NV-600-Mirage.jpg,NV-600-Mirage.jpg,
1432,Molten Chocolate,Mystique,,NV-564,molten-chocolate,8ft. x 4ft.,NV-564-Molten-Chocolate.jpg,NV-564-Molten-Chocolate.jpg,
1433,Natural Bark,Mystique,,NULL,natural-bark,8ft. x 4ft.,,,
1434,Oak Albura,Mystique,,NULL,oak-albura,8ft. x 4ft.,mystique-oak-albura-small.jpg,mystique-oak-albura-large.jpg,
1435,Oak Dew,Mystique,,NV-763,oak-dew,8ft. x 4ft.,NV-763-Oak-Dew.jpg,NV-763-Oak-Dew.jpg,
1436,Oak Granito,Mystique,,NULL,oak-granito,8ft. x 4ft.,mystique-oak-granito-small.jpg,mystique-oak-granito-large.jpg,
1437,Roadenza,Mystique,,NV-571,roadenza,8ft. x 4ft.,NV-571-Roadenza.jpg,NV-571-Roadenza.jpg,
1438,Satinox,Mystique,,NV-440,satinox,8ft. x 4ft.,NV-440-Satinox.jpg,NV-440-Satinox.jpg,
1439,Silky Sheen,Mystique,,NV-491,silky-sheen,8ft. x 4ft.,NV-491-Silky-Sheen.jpg,NV-491-Silky-Sheen.jpg,
1440,Smoggy Wood,Mystique,,NULL,smoggy-wood,8ft. x 4ft.,mystique-smoggy-wood-small.jpg,mystique-smoggy-wood-large.jpg,
1441,Texas Wilderness,Mystique,,NV-560,texas-wilderness,8ft. x 4ft.,"NV-560-Texas-Wilderness.jpg
",NV-560-Texas-Wilderness.jpg,
1442,Tropical Stallion,Mystique,,NV-672,tropical-stallion,8ft. x 4ft.,NV-672-Tropical-Stallion.jpg,NV-672-Tropical-Stallion.jpg,
1443,Black Dimond Oak,Mystique,,NULL,black-dimond-oak,8ft. x 4ft.,mystique-black-diamond-oak-small.jpg,mystique-black-diamond-oak.jpg,
1444,Castanea Rays,Mystique,,NV-632,castanea-rays,8ft. x 4ft.,mystique-castanea-rays-small.jpg,mystique-castanea-rays-large.jpg,
1445,Choco Flame Crown,Mystique,,NV-831,choco-flame-crown,8ft. x 4ft.,NV-831-Coco-Flame-Crown.jpg,NV-831-Coco-Flame-Crown.jpg,
1446,Somalian Timber,Mystique,,NV-954,somalian-timber,8ft. x 4ft.,NV-954-Somalina-Timber.jpg,NV-954-Somalina-Timber.jpg,
1447,Masaimara Wood,Mystique,,NULL,masaimara-wood,8ft. x 4ft.,mystique-masaimara-wood-small.jpg,mystique-masaimara-wood-large.jpg,
1448,Tropical Ruff Streak,Mystique,,NULL,tropical-ruff-streak,8ft. x 4ft.,mystique-tropical-ruff-streak-small.jpg,mystique-tropical-ruff-streak-large.jpg,
1449,Coffee Bean,Mystique,,NV-931,coffee-bean,8ft. x 4ft.,NV-931-Coffee-Bean.jpg,NV-931-Coffee-Bean.jpg,
1450,Malawi Wood,Mystique,,NV-955,malawi-wood,8ft. x 4ft.,NV-955-Malawi-Wood.jpg,NV-955-Malawi-Wood.jpg,
1451,Tanzania Wood,Mystique,,NV-A24,tanzania-wood,8ft. x 4ft.,NV-A24-Tanzania-Wood.jpg,NV-A24-Tanzania-Wood.jpg,
1452,Malaysian Rain Wood Hz,Mystique,,NULL,malaysian-rain-wood-hz,8ft. x 4ft.,Malaysian-Rain-Wood-Hz.jpg,Malaysian-Rain-Wood-Hz.jpg,
1453,Dark Brown Amazonia Hz,Mystique,,NV-A05,dark-brown-amazonia-hz,8ft. x 4ft.,NV-A05-dark-brown-amazonia.jpg,NV-A05-dark-brown-amazonia.jpg,
1454,Rivera Wood,Mystique,,NULL,rivera-wood,8ft. x 4ft.,Rivera-Wood.jpg,Rivera-Wood.jpg,
1455,Tropical Golden Wood,Mystique,,NV-A69,tropical-golden-wood,8ft. x 4ft.,NV-A69-Tropical-Golden-Wood.jpg,NV-A69-Tropical-Golden-Wood.jpg,
1456,Dark Brown Wood,Mystique,,NV-A88,dark-brown-wood,8ft. x 4ft.,NV-A88-dark-brown-wood.jpg,NV-A88-dark-brown-wood.jpg,
1457,Brown Chocolate,Mystique,,NV-C30,brown-chocolate,8ft. x 4ft.,NV-C30-brown-chocolate.jpg,NV-C30-brown-chocolate.jpg,
1458,Chocobolo,Mystique,,NV-D72,chocobolo,8ft. x 4ft.,NV-D72-chocobolo.jpg,NV-D72-chocobolo.jpg,
1459,Dark Chocolate Wood,Mystique,,NV-D89,dark-chocolate-wood,8ft. x 4ft.,NV-D89-dark-chocolate-wood.jpg,NV-D89-dark-chocolate-wood.jpg,
1460,Sand Dunes,Mystique,,NV-800,sand-dunes,8ft. x 4ft.,NV-800-sand-dunes.jpg,NV-800-sand-dunes.jpg,
1461,Smoggy Ash,Mystique,,NV-D41,smoggy-ash,8ft. x 4ft.,"NV-D41-smogy ash.jpg
","NV-D41-smogy ash.jpg
",
1462,Bermuda Sap Wood,Mystique,,NV-D79,bermuda-sap-wood,8ft. x 4ft.,NV-D79-bermuda-sap-wood.jpg,NV-D79-bermuda-sap-wood.jpg,
1463,Bubinga,Mystique,,NV-257,bubinga,8ft. x 4ft.,NV-257-bubinga.jpg,NV-257-bubinga.jpg,
1464,American Walnut,Dark,,NV-431,american-walnut,8ft. x 4ft.,NV-431-American-Walnut.jpg,NV-431-American-Walnut.jpg,
1465,American Walnut Crown,Dark,,NULL,american-walnut-crown,8ft. x 4ft.,,,
1466,American Walnut Quarter,Dark,,NV-473,american-walnut-quarter,8ft. x 4ft.,NV-473-American-Walnut-Quarter.jpg,NV-473-American-Walnut-Quarter.jpg,
1467,Atlantic Jarrah,Dark,,NULL,atlantic-jarrah,8ft. x 4ft.,,,
1468,Bibolo,Dark,,NV-242,bibolo,8ft. x 4ft.,NV-242-Bibolo.jpg,NV-242-Bibolo.jpg,
1469,Bubinga,Dark,,NULL,bubinga,8ft. x 4ft.,,,
1470,Caramel Streaks,Dark,,NULL,caramel-streaks,8ft. x 4ft.,,,
1471,Dark Walnut,Dark,,NV-546,dark-walnut,8ft. x 4ft.,NV-546-Dark-Walnut.jpg,NV-546-Dark-Walnut.jpg,
1472,Ebony,Dark,,NV-307,ebony,8ft. x 4ft.,NV-307-Ebony.jpg,NV-307-Ebony.jpg,
1473,Esplendido Ebano,Dark,,NULL,esplendido-ebano,8ft. x 4ft.,dark-esplendido-ebano-small.jpg,dark-esplendido-ebano-large.jpg,
1474,Gabon Wood,Dark,,NV-833,gabon-wood,8ft. x 4ft.,NV-833-Gabon-Wood.jpg,NV-833-Gabon-Wood.jpg,
1475,Golden Wenge,Dark,,NULL,golden-wenge,8ft. x 4ft.,dark-golden-wenge-small.jpg,dark-golden-wenge-large.jpg,
1476,Ipe,Dark,,NV-328,ipe,8ft. x 4ft.,NV-328-Ipe.jpg,NV-328-Ipe.jpg,
1477,Kuru Pao,Dark,,NULL,kuru-pao,8ft. x 4ft.,dark-kuru-pao-small.jpg,dark-kuru-pao-large.jpg,
1478,Louro Preto,Dark,,NV-532,louro-preto,8ft. x 4ft.,NV-532-Louro-Preto.jpg,NV-532-Louro-Preto.jpg,
1479,Makore,Dark,,NV-422,makore,8ft. x 4ft.,NV-422-Makore.jpg,NV-422-Makore.jpg,
1480,Moibi,Dark,,NULL,moibi,8ft. x 4ft.,,,
1481,Mountain Santos,Dark,,NV-810,mountain-santos,8ft. x 4ft.,NV-810-Mountain-Santos.jpg,NV-810-Mountain-Santos.jpg,
1482,Red Ebony,Dark,,NV-858,red-ebony,8ft. x 4ft.,NV-858-Red-Ebony.jpg,NV-858-Red-Ebony.jpg,
1483,Rosewood,Dark,,NULL,rosewood,8ft. x 4ft.,dark-rosewood-small.jpg,dark-rosewood-large.jpg,
1484,Sapeli Crown,Dark,,NV-415,sapele-crown,8ft. x 4ft.,NV-415-Sapele-Crown.jpg,NV-415-Sapele-Crown.jpg,
1485,Sapeli Pommelle,Dark,,NV-413,sapele-pommelle,8ft. x 4ft.,NV-413-Sapeli-Pommelle.jpg,NV-413-Sapeli-Pommelle.jpg,
1486,Sapele Quarter,Dark,,NULL,sapele-quarter,8ft. x 4ft.,,,
1487,Sapeli,Dark,,NV-418,sapeli,8ft. x 4ft.,NV-418-Sapeli.jpg,NV-418-Sapeli.jpg,
1488,Sucupira,Dark,,NV-334,sucupira,8ft. x 4ft.,NV-334-Sucupira.jpg,NV-334-Sucupira.jpg,
1489,Wenge Crown,Dark,,NV-B21,wenge-crown,8ft. x 4ft.,dark-wenge-crown-small.jpg,dark-wenge-crown-large.jpg,
1490,Wenge Quarter,Dark,,NULL,wenge-quarter,8ft. x 4ft.,,,
1491,Wenge,Dark,,NV-337,wenge,8ft. x 4ft.,NV-337-Wenge.jpg,NV-337-Wenge.jpg,
1492,Louro,Dark,,NV-972,louro,8ft. x 4ft.,NV-972-Louro.jpg,NV-972-Louro.jpg,
1493,Serengeti Wood,Dark,,NULL,serengeti-wood,8ft. x 4ft.,dark-sapele-crown-small.jpg,dark-sapele-crown-large.jpg,
1494,Santos,Dark,,NV-B14,santos,8ft. x 4ft.,NV-B14-Santos.jpg,NV-B14-Santos.jpg,
1495,Bubinga Pommelle,Dark,,NV-401,bubinga-pommelle,8ft. x 4ft.,NV-401-Bubinga-Pommelle.jpg,NV-401-Bubinga-Pommelle.jpg,
1496,Ovangkol,Dark,,NV-234,ovangkol,8ft. x 4ft.,NV-234-Ovangkol.jpg,NV-234-Ovangkol.jpg,
1497,Afromosia,Medium,,NV-205,afromosia,8ft. x 4ft.,NV-205-Afromosia.jpg,NV-205-Afromosia.jpg,
1498,American Cherry,Medium,,NV-427,american-cherry,8ft. x 4ft.,NV-427-American-Cherry.jpg,NV-427-American-Cherry.jpg,
1499,American Red Elm,Medium,,NULL,american-red-elm,8ft. x 4ft.,medium-american-red-elm-small.jpg,medium-american-red-elm-large.jpg,
1500,Aromatic Ceder,Medium,,NULL,aromatic-cedar,8ft. x 4ft.,medium-aromatic-ceder-small.jpg,medium-aromatic-ceder-large.jpg,
1501,Black Sapeli,Medium,,NULL,black-sapele,8ft. x 4ft.,medium-black-sapeli-small.jpg,medium-black-sapeli-large.jpg,
1502,Brown Santos,Medium,,NULL,brown-santos,8ft. x 4ft.,medium-brown-santos-small.jpg,medium-brown-santos-large.jpg,
1503,Double Coloured Chestnut,Medium,,NULL,double-coloured-chestnut,8ft. x 4ft.,,,
1504,Figured Olive Ash,Medium,,NULL,figured-olive-ash,8ft. x 4ft.,,,
1505,Golden Ceder,Medium,,NV-210,golden-cedar,8ft. x 4ft.,NV-210-Golden-Cedar.jpg,NV-210-Golden-Cedar.jpg,
1506,Golden Wood,Medium,,NV-358,golden-wood,8ft. x 4ft.,NV-358-Golden-Wood.jpg,NV-358-Golden-Wood.jpg,
1507,Guiabao,Medium,,NV-209,guiabao,8ft. x 4ft.,NV-209-Guiabao.jpg,NV-209-Guiabao.jpg,
1508,Jatoba,Medium,,NV-249,jatoba,8ft. x 4ft.,NV-249-Jatoba.jpg,NV-249-Jatoba.jpg,
1509,Mahogany,Medium,,NV-424,mahogany,8ft. x 4ft.,NV-424-Mahogany.jpg,NV-424-Mahogany.jpg,
1510,Multicoloured Tulip,Medium,,NULL,multicoloured-tulip,8ft. x 4ft.,medium-multicoloured-tulip-small.jpg,medium-multicoloured-tulip-large.jpg,
1511,Ovangkol,Medium,,NV-B61,ovangkol,8ft. x 4ft.,medium-ovangkol-small.jpg,medium-ovangkol-large.jpg,
1512,Paldao,Medium,,NV-629,paldao,8ft. x 4ft.,NV-629-Paldao.jpg,NV-629-Paldao.jpg,
1513,Red Cedar,Medium,,NV-373,red-cedar,8ft. x 4ft.,NV-373-Red-Cedar.jpg,NV-373-Red-Cedar.jpg,
1514,Red Oak Crown,Medium,,NULL,red-oak-crown,8ft. x 4ft.,,,
1515,Red Oak Quarter,Medium,,NV-463,red-oak-quarter,8ft. x 4ft.,NV-463-Red-Oak-Quarter.jpg,NV-463-Red-Oak-Quarter.jpg,
1516,Red Oak,Medium,,NV-416,red-oak,8ft. x 4ft.,NV-416-Red-Oak.jpg,NV-416-Red-Oak.jpg,
1517,Silver Oak,Medium,,NV-412,silver-oak,8ft. x 4ft.,NV-412-Silver-Oak.jpg,NV-412-Silver-Oak.jpg,
1518,Tineo,Medium,,NV-570,tineo,8ft. x 4ft.,NV-570-Tineo.jpg,NV-570-Tineo.jpg,
1519,White Oak Crown,Medium,,NULL,white-oak-crown,8ft. x 4ft.,,,
1520,White Oak,Medium,,NV-386,white-oak,8ft. x 4ft.,NV-386-White-Oak.jpg,NV-386-White-Oak.jpg,
1521,Khaya,Medium,,NV-368,khaya,8ft. x 4ft.,NV-368-Khaya.jpg,NV-368-Khaya.jpg,
1522,White Oak Quarter,Medium,,NV-456,white-oak-quarter,8ft. x 4ft.,NV-456-White-Oak-Quarter.jpg,NV-456-White-Oak-Quarter.jpg,
1523,Zebrano,Medium,,NV-247,zebrano,8ft. x 4ft.,NV-247-Zebrano.jpg,NV-247-Zebrano.jpg,
1524,Etimoe,Medium,,NULL,etimoe,8ft. x 4ft.,medium-etimoe-small.jpg,medium-etimoe-large.jpg,
1525,Bubinga,Medium,,NULL,bubinga,8ft. x 4ft.,Bubinga.jpg,Bubinga.jpg,
1526,Golden Cedar Crown,Medium,,NULL,golden-cedar-crown,8ft. x 4ft.,Golden-Cedar-Crown.jpg,Golden-Cedar-Crown.jpg,
1527,Brown Santos,Medium,,NV-876,brown-santos,8ft. x 4ft.,NV-876-brown-santos.jpg,NV-876-brown-santos.jpg,
1528,Oriental Ash,Medium,,NV-D33,oriental-ash,8ft. x 4ft.,NV-D33-oriental-ash.jpg,NV-D33-oriental-ash.jpg,
1529,Afromosia Crown,Medium,,NV-635,afromosia-crown,8ft. x 4ft.,NV-635-afromosia-crown.jpg,NV-635-afromosia-crown.jpg,
1530,Golden Wenge,Medium,,NV-351,golden-wenge,8ft. x 4ft.,NV-351-Golden-Wenge.jpg,NV-351-Golden-Wenge.jpg,
1531,Etimoe,Medium,,NV-467,Etimoe,8ft. x 4ft.,NV-467-Etimo.jpg,NV-467-Etimo.jpg,
1532,French Walnut,Medium,,NV-D94,french-walnut,8ft. x 4ft.,NV-D94-french-walnut.jpg,NV-D94-french-walnut.jpg,
1533,American Maple,Light,,NV-306,american-maple,8ft. x 4ft.,NV-306-American-Maple.jpg,NV-306-American-Maple.jpg,
1534,Anegre,Light,,NV-432,anegre,8ft. x 4ft.,NV-432-Anegre.jpg,NV-432-Anegre.jpg,
1535,Chen Chen,Light,,NV-256,chen-chen,8ft. x 4ft.,NV-256-Chen-Chen.jpg,NV-256-Chen-Chen.jpg,
1536,Chestnut,Light,,NV-557,chestnut,8ft. x 4ft.,NV-557-Chestnut.jpg,"NV-557-Chestnut.jpg
",
1537,Eucalyptus,Light,,NV-222,eucalyptus,8ft. x 4ft.,NV-222-Eucalyptus.jpg,NV-222-Eucalyptus.jpg,
1538,Figured Ash,Light,,NULL,figured-ash,8ft. x 4ft.,,,
1539,Figured Maple,Light,,NULL,figured-maple,8ft. x 4ft.,,,
1540,Figured Sycamore,Light,,NV-211,figured-sycamore,8ft. x 4ft.,NV-211-Figured-Sycamore.jpg,NV-211-Figured-Sycamore.jpg,
1541,Golden Cherry,Light,,NULL,golden-cherry,8ft. x 4ft.,light-golden-cherry-small.jpg,light-golden-cherry-large.jpg,
1542,Knotty Pine,Light,,NV-379,knotty-pine,8ft. x 4ft.,NV-379-Knotty-Pine.jpg,NV-379-Knotty-Pine.jpg,
1543,Koto,Light,,NV-375,koto,8ft. x 4ft.,NV-375-Koto.jpg,NV-375-Koto.jpg,
1544,Larch,Light,,NV-341,larch,8ft. x 4ft.,NV-341-Larch.jpg,NV-341-Larch.jpg,
1545,Steamed Beech,Light,,NV-410,steamed-beech,8ft. x 4ft.,NV-410-Steamed-Beech.jpg,NV-410-Steamed-Beech.jpg,
1546,Sycamore,Light,,NV-395,sycamore,8ft. x 4ft.,NV-395-Sycamore.jpg,NV-395-Sycamore.jpg,
1547,Tulip,Light,,NV-372,tulip,8ft. x 4ft.,NV-372-Tulip.jpg,NV-372-Tulip.jpg,
1548,White Ash,Light,,NV-371,white-ash,8ft. x 4ft.,NV-371-White-Ash.jpg,NV-371-White-Ash.jpg,
1549,White Beech,Light,,NV-220,white-beech,8ft. x 4ft.,NV-220-White-Beech.jpg,NV-220-White-Beech.jpg,
1550,Figured Eucalyptus,Light,,NV-350,figured-eucalyptus,8ft. x 4ft.,NV-350-Figured-Eucalyptus.jpg,NV-350-Figured-Eucalyptus.jpg,
1551,Dibeto,Light,,NULL,dibeto,8ft. x 4ft.,Dibeto.jpg,Dibeto.jpg,
1552,White Ash Quarter,Light,,NV-464,white-ash-quarter,8ft. x 4ft.,NV-464-White-Ash-Quarter.jpg,NV-464-White-Ash-Quarter.jpg,
1553,Golden Crown,Light,,NV-D166,golden-crown,8ft. x 4ft.,NV-D166-Golden-Crown.jpg,"NV-D166-Golden-Crown.jpg
",
1554,American Walnut Horizontal,Horizontal,,NULL,american-walnut-horizontal,8ft. x 4ft.,horizontal-american-walnut-horizontal-small.jpg,horizontal-american-walnut-horizontal-large.jpg,horizontal-american-walnut-horizontal-small.jpg
1555,Choco Lure Horizontal,Horizontal,,NULL,choco-lure-horizontal,8ft. x 4ft.,horizontal-choco-lure-horizontal-small.jpg,horizontal-choco-lure-horizontal-large.jpg,horizontal-choco-lure-horizontal-small.jpg
1556,Gabon Wood Horizontal,Horizontal,,NULL,gabon-wood-horizontal,8ft. x 4ft.,horizontal-gabon-wood-horizontal-small.jpg,horizontal-gabon-wood-horizontal-large.jpg,horizontal-gabon-wood-horizontal-small.jpg
1557,Louro Preto Horizontal,Horizontal,,NULL,louro-preto-horizontal,8ft. x 4ft.,horizontal-louro-preto-horizontal-small.jpg,horizontal-louro-preto-horizontal-large.jpg,horizontal-louro-preto-horizontal-small.jpg
1558,Kaziranga Wood Hz,Horizontal,,NV-A37,kaziranga-wood-hz,8ft. x 4ft.,NV-A37-hz-kaziranga-wood.jpg,NV-A37-hz-kaziranga-wood.jpg,
1559,Brazilian Santos Horizontal,Horizontal,,NV-935,brazilian-santos-horizontal,8ft. x 4ft.,NV-935-Hz-brazilian-santos.jpg,NV-935-Hz-brazilian-santos.jpg,horizontal-gabon-wood-horizontal-small.jpg
1560,Dark Brown Amazonia ,Horizontal,,NV-A05,dark-brown-amazonia,8ft. x 4ft.,NV-A05-dark-brown-amazonia.jpg,NV-A05-dark-brown-amazonia.jpg,
1561,Malaysian Rain Wood,Horizontal,,NV-A21,malaysian-rain-wood,8ft. x 4ft.,NV-A21-hz-malaysian-rainwood.jpg,"NV-A21-hz-malaysian-rainwood.jpg
",
1562,Bourbon Dark Forest,Era,,NV-843,bourbon-dark-forest,8ft. x 4ft.,NV-843-Bourbon-Dark-Forest.jpg,NV-843-Bourbon-Dark-Forest.jpg,
1563,Dark Cinnamon,Era,,NV-844,dark-cinnamon,8ft. x 4ft.,NV-844-Dark-Cinnamon.jpg,NV-844-Dark-Cinnamon.jpg,
1564,Hatched Flakes,Era,,NV-847,hatched-flakes,8ft. x 4ft.,NV-847-Hatched-Flakes.jpg,NV-847-Hatched-Flakes.jpg,
1565,Lumiere Night,Era,,NV-805,lumiere-night,8ft. x 4ft.,NV-805-Lumiere-Night.jpg,NV-805-Lumiere-Night.jpg,
1566,Midnight Forest,Era,,NV-841,midnight-forest,8ft. x 4ft.,NV-841-Midnight-Forest.jpg,"NV-841-Midnight-Forest.jpg
",
1567,Roasted Almond,Era,,NV-845,roasted-almond,8ft. x 4ft.,NV-845-Roasted-Almond.jpg,NV-845-Roasted-Almond.jpg,
1568,Spiced Ginger,Era,,NV-846,spiced-ginger,8ft. x 4ft.,NV-846-Spiced-Ginger.jpg,"NV-846-Spiced-Ginger.jpg
",
1569,Vintage Canvas,Era,,NV-842,vintage-canvas,8ft. x 4ft.,NV-842-Vintage-Canvas.jpg,NV-842-Vintage-Canvas.jpg,
1570,Antique Crown,Era,,NV-956,antique-crown,8ft. x 4ft.,NV-956-Antique-Crown.jpg,NV-956-Antique-Crown.jpg,
1571,La Paz Mettallic Wood,Era,,NV-A25,la-paz-mettallic-wood,8ft. x 4ft.,NV-A25-La Paz- Metallic-Wood.jpg,NV-A25-La Paz-Metallic-Wood.jpg,
1572,Pearl Wood,Era,,NULL,pearl-wood,8ft. x 4ft.,pearl-wood-small.jpg,pearl-wood-large.jpg,
1573,Borneo Rain Wood,Era,,NULL,borneo-rain-wood,8ft. x 4ft.,Borneo-Rain-Wood.jpg,Borneo-Rain-Wood.jpg,
1574,Midnight Traces,Era,,NV-903,midnight-traces,8ft. x 4ft.,NV-903-midnight-traces.jpg,"NV-903-midnight-traces.jpg
",
1575,Scandinavian Grey Wood,Era,,NV-D80,scandinavian-grey-wood,8ft. x 4ft.,NV-D80-scandinavian-grey-wood.jpg,NV-D80-scandinavian-grey-wood.jpg,
1576,Copper Shimmer,Shimmer,,NV-827,copper-shimmer,8ft. x 4ft.,NV-827-Castanea-Rays-Copper-Shimmer.jpg,NV-827-Castanea-Rays-Copper-Shimmer.jpg,
1577,Gold Shimmer,Shimmer,,NV-825,gold-shimmer,8ft. x 4ft.,NV-825-Castanea-Rays-Gold-Shimmer.jpg,NV-825-Castanea-Rays-Gold-Shimmer.jpg,
1578,Ivory Shimmer,Shimmer,,NV-887,ivory-shimmer,8ft. x 4ft.,NV-887-Castanea-Rays-Ivory-Shimmer.jpg,NV-887-Castanea-Rays-Ivory-Shimmer.jpg,
1579,Silver Shimmer,Shimmer,,NV-826,silver-shimmer,8ft. x 4ft.,NV-826-Castanea-Rays-Silver-Shimmer.jpg,NV-826-Castanea-Rays-Silver-Shimmer.jpg,
1580,Sunlight Shimmer,Shimmer,,NV-888,sunlight-shimmer,8ft. x 4ft.,NV-888-Castanea-Rays-Sunlight-Shimmer.jpg,NV-888-Castanea-Rays-Sunlight-Shimmer.jpg,
1581,Violet Shimmer,Shimmer,,NV-886,violet-shimmer,8ft. x 4ft.,NV-886-Castanea-Rays-Violet-Shimmer.jpg,NV-886-Castanea-Rays-Violet-Shimmer.jpg,
1582,Brown Canvas,Canvas,,NV-916,brown-canvas,8ft. x 4ft.,NV-916-Brown-Canvas.jpg,NV-916-Brown-Canvas.jpg,
1583,Green Canvas,Canvas,,NV-915,green-canvas,8ft. x 4ft.,NV-915-Green-Canvas.jpg,NV-915-Green-Canvas.jpg,
1584,Grey Canvas,Canvas,,NV-917,grey-canvas,8ft. x 4ft.,NV-917-Grey-Canvas.jpg,NV-917-Grey-Canvas.jpg,
1585,Violet Bling Canvas,Canvas,,NV-909,violet-bling,8ft. x 4ft.,NV-909-Violet-Bling-Canvas.jpg,NV-909-Violet-Bling-Canvas.jpg,
1586,African Ebony,Elite,,NV-262,african-ebony,8ft. x 4ft.,NV-262-African-Ebony.jpg,NV-262-African-Ebony.jpg,
1587,Imperial Ziricote,Elite,,NV-824,imperial-ziricote,8ft. x 4ft.,NV-824-Imperial-ziricote.jpg,NV-824-Imperial-ziricote.jpg,
1588,Real Vintage Oak,Elite,,NV-807,real-vintage-oak,8ft. x 4ft.,NV-807-Real-Vintage-Oak.jpg,NV-807-Real-Vintage-Oak.jpg,
1589,Royal Ebony Creme,Elite,,NV-B49,royal-ebony-creme,8ft. x 4ft.,NV-B49-Royal-Ebony-Creme.jpg,NV-B49-Royal-Ebony-Creme.jpg,
1590,Dyed Koto White,Dyed,,NV-D098,dyed-koto-white,8ft. x 4ft.,NV-D098-Dyed-Koto-White.jpg,NV-D098-Dyed-Koto-White.jpg,
1591,Dyed Koto Marble White,Dyed,,NV-D118,dyed-koto-marble-white,8ft. x 4ft.,NV-D118-Dyed-Koto-Marble-White.jpg,NV-D118-Dyed-Koto-Marble-White.jpg,
1592,Dyed White Ash White,Dyed,,NV-D136,dyed-white-ash-white,8ft. x 4ft.,NV-D136-Dyed-White-Ash-White.jpg,NV-D136-Dyed-White-Ash-White.jpg,
1593,Dyed Koto Light Grey,Dyed,,NV-D067,dyed-koto-light-grey,8ft. x 4ft.,NV-D067-Dyed-Koto-Light-Grey.jpg,NV-D067-Dyed-Koto-Light-Grey.jpg,
1594,Dyed Koto Black Silk,Dyed,,NULL,dyed-koto-black-silk,8ft. x 4ft.,Dyed-Koto-Black-Silk.jpg,Dyed-Koto-Black-Silk.jpg,
1595,Dyed White Ash Black ,Dyed,,NULL,dyed-white-ash-black-,8ft. x 4ft.,Dyed-White-Ash-Black.jpg,Dyed-White-Ash-Black.jpg,
1596,Dyed Eyong Grey,Dyed,,NV-D815,dyed-eyong-grey,8ft. x 4ft.,NV-D815-dyed-eyong-grey.jpg,NV-D815-dyed-eyong-grey.jpg,
1597,Dyed Eyong Brown,Dyed,,NV-D816,dyed-eyong-brown,8ft. x 4ft.,NV-D816-dyed-eyong-brown.jpg,NV-D816-dyed-eyong-brown.jpg,
1598,Dyed Fig. Maple Light Grey,Dyed,,NV-D826,dyed-fig-maple-light-grey,8ft. x 4ft.,NV-D826-dyed-fig-maple-light-grey.jpg,NV-D826-dyed-fig-maple-light-grey.jpg,
1599,Dyed Oak Grey ,Dyed,,NV-D806,dyed-oak-grey,8ft. x 4ft.,NV-D806-dyed-oak-grey.jpg,NV-D806-dyed-oak-grey.jpg,
1600,Dyed Platinum Grey,Dyed,,NV-D832,dyed-platinum-grey,8ft. x 4ft.,NV-D832-dyed-platinum-grey.jpg,NV-D832-dyed-platinum-grey.jpg,
1601,Dyed White Ash Grey,Dyed,,NV-D829,dyed-white-ash-grey,8ft. x 4ft.,NV-D829-Dyed-White-Ash-Grey.jpg,NV-D829-Dyed-White-Ash-Grey.jpg,
1602,Dyed Bright Fig. Silver Grey,Dyed,,NV-D13,dyed-bright-fig-silver-grey,8ft. x 4ft.,NV-D13-dyed-bright-figure-silver-grey.jpg,NV-D13-dyed-bright-figure-silver-grey.jpg,
1603,Dyed Fig. Maple Grey,Dyed,,NV-D808,dyed-fig-maple-grey,8ft. x 4ft.,NV-D808-dyed-figured-maple-grey.jpg,NV-D808-dyed-figured-maple-grey.jpg,
1604,Dyed Koto Superior White,Dyed,,NV-D066,dyed-koto-superior-white,8ft. x 4ft.,NV-D066-dyed-koto-superior-white.jpg,NV-D066-dyed-koto-superior-white.jpg,
1605,Dyed Fig. Eucalyptus Beige,Dyed,,NV-D828,dyed-fig-eucalyptus-beige,8ft. x 4ft.,NV-D828-dyed-figured-eucalyptus-beige.jpg,NV-D828-dyed-figured-eucalyptus-beige.jpg,
1606,Dyed Koto Light Coffee,Dyed,,NV-DI21,dyed-koto-light-coffee,8ft. x 4ft.,NV-DI21-dyed-koto-light-coffee.jpg,NV-DI21-dyed-koto-light-coffee.jpg,
1607,Dyed Chen Chen Brown,Dyed,,NV-D827,dyed-chen-chen-brown,8ft. x 4ft.,NV-D827-dyed-chen-chen-brown.jpg,NV-D827-dyed-chen-chen-brown.jpg,
1608,Dyed Koto Coffee,Dyed,,NV-D120,dyed-koto-coffee,8ft. x 4ft.,NV-D120-dyed-koto-coffee.jpg,NV-D120-dyed-koto-coffee.jpg,
1609,Dyed Chen Chen Light Brown,Dyed,,NV-D830,dyed-chen-chen-light-brown,8ft. x 4ft.,NV-D830-dyed-chen-chen-light-brown.jpg,NV-D830-dyed-chen-chen-light-brown.jpg,
1610,Dyed Platinum Brown,Dyed,,NV-D168,dyed-platinum-brown,8ft. x 4ft.,NV-D168-dyed-platinium-brown.jpg,NV-D168-dyed-platinium-brown.jpg,
1611,Dyed Oak Brown,Dyed,,NV-D813,dyed-oak-brown,8ft. x 4ft.,NV-D813-dyed-oak-brown.jpg,NV-D813-dyed-oak-brown.jpg,
1612,Oleo,Arizona,,NV-981,oleo,8ft. x 4ft.,NV-981-Oleo.jpg,NV-981-Oleo.jpg,
1613,Light Brown,Arizona,,NV-982,light-brown,8ft. x 4ft.,NV-982-Light-Brown.jpg,NV-982-Light-Brown.jpg,
1614,Coffee,Arizona,,NV-979,coffee,8ft. x 4ft.,NV-979-Coffee.jpg,NV-979-Coffee.jpg,
1615,Coco,Arizona,,NULL,coco,8ft. x 4ft.,Coco.jpg,Coco.jpg,
1616,Castanea Rays   ,Arizona,,NULL,castanea-rays,8ft. x 4ft.,Castanea-Rays.jpg,Castanea-Rays.jpg,
1617,Chestnut,Arizona,,"NV-B89
",chestnut,8ft. x 4ft.,NV-B89-Chestnut.jpg,NV-B89-Chestnut.jpg,
1618,Red Oak,Arizona,,NV-B85,red-oak,8ft. x 4ft.,NV-B85-Red-Oak.jpg,NV-B85-Red-Oak.jpg,
1619,White Oak,Arizona,,NV-C63,white-oak,8ft. x 4ft.,NV-C63-White-Oak.jpg,NV-C63-White-Oak.jpg,
1620,White Ash,Arizona,,NV-B88,white-ash,8ft. x 4ft.,NV-B88-White-Ash.jpg,NV-B88-White-Ash.jpg,
1621,Arizona Red Oak Quarter,Arizona,,NV-B86,arizona-red-oak-quarter,8ft. x 4ft.,NV-B86-arizona-red-oak-quarter.jpg,NV-B86-arizona-red-oak-quarter.jpg,
1622,Arizona White Oak Quarter,Arizona,,NV-B87,arizona-white-oak-quarter,8ft. x 4ft.,NV-B87-arizona-white-oak-quarter.jpg,NV-B87-arizona-white-oak-quarter.jpg,
1623,Mahagony Crotch,Crotch,,NULL,mahagony-crotch,8ft. x 4ft.,Mahagony-Crotch.jpg,Mahagony-Crotch.jpg,
1624,Teak Crotch,Crotch,,NV-345,teak-crotch,8ft. x 4ft.,NV-345-teak-crotch.jpg,NV-345-teak-crotch.jpg,
1625,Gabon Wood Crotch,Crotch,,NV-B63,gabon-wood-crotch,8ft. x 4ft.,NV-B63-Gabon-Wood-Crotch.jpg,NV-B63-Gabon-Wood-Crotch.jpg,
1626,Dark Walnut Crotch,Crotch,,NV-B61,dark-walnut-crotch,8ft. x 4ft.,NV-B61-dark-walnut-crotch.jpg,NV-B61-dark-walnut-crotch.jpg,
1627,American Walnut Checkered Illusion,New Arrival,,NULL,american-walnut-checkered-illusion,8ft. x 4ft.,American-Walnut-Checkered-Illusion.jpg,American-Walnut-Checkered-Illusion.jpg,
1628,American Walnut Revoluzion,New Arrival,,NULL,american-walnut-revoluzion,8ft. x 4ft.,American-Walnut-Revoluzion.jpg,American-Walnut-Revoluzion.jpg,
1629,Bark Burn Revoluzion,New Arrival,,NULL,bark-burn-revoluzion,8ft. x 4ft.,Bark-Burn-Revoluzion.jpg,Bark-Burn-Revoluzion.jpg,
1630,Mellon Dew Revoluzion,New Arrival,,NULL,mellon-dew-revoluzion,8ft. x 4ft.,Mellon-Dew-Revoluzion.jpg,Mellon-Dew-Revoluzion.jpg,
1631,White Ebony Creme Horizontal,New Arrival,,NULL,white-ebony-creme-horizontal,8ft. x 4ft.,White-Ebony-Creme-Horizontal.jpg,White-Ebony-Creme-Horizontal.png,
1632,White Oak Checkered Illusion,New Arrival,,NULL,white-oak-checkered-illusion,8ft. x 4ft.,White-Oak-Checkered-Illusion.jpg,1621209847-White Oak Checkered Illusion.jpg,
1633,Royal Ebony Creme,Progettowood,,NULL,royal-ebony-creme,8ft. x 4ft.,VB24-canadian-roll.jpg,VB24-canadian-roll.jpg,
1634,Royal Ebony Creme,Progettowood,,NULL,royal-ebony-creme,8ft. x 4ft.,VB50.jpg,VB50.jpg,
1635,Macassar Ebony,Progettowood,,NULL,macassar-ebony,8ft. x 4ft.,VB29-canadian-roll.jpg,VB29-canadian-roll.jpg,
1636,Macassar Ebony,Progettowood,,NULL,macassar ebony,8ft. x 4ft.,VB32-canadian-roll.jpg,VB32-canadian-roll.jpg,
1637,Ebony,Progettowood,,NULL,ebony,8ft. x 4ft.,VB16-flaxen-wash.jpg,VB16-flaxen-wash.jpg,
1638,Ebony,Progettowood,,NULL,ebony,8ft. x 4ft.,VB18-flaxen-wash.jpg,VB18-flaxen-wash.jpg,
1639,Ebony,Progettowood,,NULL,ebony,8ft. x 4ft.,VB19-flaxen-wash.jpg,VB19-flaxen-wash.jpg,
1640,Ziricote With Sap,Progettowood,,NULL,ziricote-with-sap,8ft. x 4ft.,VB33-ZIRICOTE-WITH-SAP.jpg,VB33-ZIRICOTE-WITH-SAP-BIG.jpg,
1641,Ziricote With Sap Hz,Progettowood,,NULL,ziricote-with-sap-hz,8ft. x 4ft.,VB33-canadian-roll.jpg,VB33-canadian-roll.jpg,
1642,Ziricote Without Sap,Progettowood,,NULL,ziricote-without-sap,8ft. x 4ft.,VB10-flaxen-wash.jpg,VB10-flaxen-wash.jpg,
1643,Ziricote Without Sap,Progettowood,,NULL,ziricote-without-sap,8ft. x 4ft.,VB27-twilight-call.jpg,VB27-twilight-call.jpg,
1644,Mahagony Crotch Hz,Progettowood,,NULL,mahagony-crotch-hz,8ft. x 4ft.,VB26-flaxen-wash-Hz.jpg,VB26-flaxen-wash-Hz.jpg,
1645,Mahagony Crotch,Progettowood,,NULL,mahagony-crotch,8ft. x 4ft.,VB28-twilight-call.jpg,VB28-twilight-call.jpg,
1646,Mahagony Crotch,Progettowood,,NULL,mahagony-crotch,8ft. x 4ft.,VB38.jpg,VB38.jpg,
1647,Santos,Progettowood,,NULL,santos,8ft. x 4ft.,VB13-flaxen-wash.jpg,VB13-flaxen-wash.jpg,
1648,Santos,Progettowood,,NULL,santos,8ft. x 4ft.,VB14-flaxen-wash.jpg,VB14-flaxen-wash.jpg,
1649,Santos Hz,Progettowood,,NULL,santos-hz,8ft. x 4ft.,VB31-flaxen-wash-Hz.jpg,VB31-flaxen-wash-Hz.jpg,
1650,Santos Hz,Progettowood,,NULL,santos-hz,8ft. x 4ft.,VB37.jpg,VB37.jpg,
1651,Rodenza,Progettowood,,NULL,rodenza,8ft. x 4ft.,VB25-canadian-roll.jpg,VB25-canadian-roll.jpg,
1652,Wenge Crown,Progettowood,,NULL,wenge-crown,8ft. x 4ft.,VB20-flaxen-wash.jpg,VB20-flaxen-wash.jpg,
1653,Wenge Crown,Progettowood,,NULL,wenge-crown,8ft. x 4ft.,VB21-flaxen-wash.jpg,VB21-flaxen-wash.jpg,
1654,Wenge Crown,Progettowood,,NULL,wenge-crown,8ft. x 4ft.,VB22-flaxen-wash.jpg,VB22-flaxen-wash.jpg,
1655,Wenge Crown,Progettowood,,NULL,wenge-crown,8ft. x 4ft.,VB23-flaxen-wash.jpg,VB23-flaxen-wash.jpg,
1656,Ziricote With Sap,Progettowood,,NULL,Ziricote-with-Sap,8ft. x 4ft.,ZIRICOTE-WITH-SAPvb11.jpg,ZIRICOTE-WITH-SAP-VB11BIG.jpg,
1657,"Crown Noir
",Dark forest,,NULL,"crown-noir
",8ft. x 4ft.,Crown-Noir.jpg,Crown-Noir.jpg,
1658,"Crown Alba
",Dark forest,,NULL,"crown-alba
",8ft. x 4ft.,Crown-Mirror-Alba_1_cdc.jpg,Crown-Mirror-Alba_1_cdc.jpg,
1659,"Straightline Noir
",Dark forest,,NULL,"straightline-noir
",8ft. x 4ft.,Straight-Line-Noir_cdc.jpg,Straight-Line-Noir_cdc.jpg,
1660,"Straightline Alba
",Dark forest,,NULL,"straightline-alba
",8ft. x 4ft.,Straight-Line-Alba_cdc.jpg,Straight-Line-Alba_cdc.jpg,
1661,"Parallel Noir
",Dark forest,,NULL,"parallel-noir
",8ft. x 4ft.,Parallel-Noir_cdc.jpg,Parallel-Noir_cdc.jpg,
1662,"Parallel Alba
",Dark forest,,NULL,parallel-alba,8ft. x 4ft.,Parallel-Alba_cdc.jpg,Parallel-Alba_cdc.jpg,
1663,"Decalage Noir
",Dark forest,,NULL,decalage-noir,8ft. x 4ft.,Decalage-Noir_cdc.jpg,Decalage-Noir_cdc.jpg,
1664,"Decalage Alba
",Dark forest,,NULL,decalage-alba,8ft. x 4ft.,Decalage-Alba_cdc.jpg,Decalage-Alba_cdc.jpg,
1665,"Crown Mirror Noir
",Dark forest,,NULL,crown-mirror-noir,8ft. x 4ft.,Crown-Mirror-Noir_cdc.jpg,Crown-Mirror-Noir_cdc.jpg,
1666,"Crown Mirror Alba
",Dark forest,,NULL,crown-mirror-alba,8ft. x 4ft.,Crown-Mirror-Alba.jpg,Crown-Mirror-Alba.jpg,
1667,"Straightline Mirror Noir
",Dark forest,,NULL,straightline-mirror-noir,8ft. x 4ft.,Straight-Line-Mirror-Noir_cdc.jpg,Straight-Line-Mirror-Noir_cdc.jpg,
1668,Straightline Mirror Alba,Dark forest,,NULL,straightline-mirror-alba,8ft. x 4ft.,Straight-Line-Mirror-Alba_cdc.jpg,Straight-Line-Mirror-Alba_cdc.jpg,
1669,Dyed Oak Light Grey,Grey Series,,FA22,dyed-oak-light-grey,8ft. x 4ft.,Dyed-Oak-Light-Grey-FA22-N.jpg,Dyed-Oak-Light-Grey-FA22-N.jpg,
1670,Dyed Oak Qtr English Grey,Grey Series,,FA23,dyed-oak-qtr-english-grey,8ft. x 4ft.,Dyed-Oak-QTR-English-Grey-FA23-N.jpg,Dyed-Oak-QTR-English-Grey-FA23-N.jpg,
1671,Fig Sycamore Qtr Silver  Grey,Grey Series,,FA49,fig-sycamore-qtr-silver-grey,8ft. x 4ft.,Fig-Sycamore-QTR-Silver-Grey-FA49.jpg,Fig-Sycamore-QTR-Silver-Grey-FA49.jpg,
1672,Dyed Oak Crown Silver White,Grey Series,,FA55,dyed-oak-crown-silver-white,8ft. x 4ft.,Dyed-Oak-Crown-Silver-white-FA55.jpg,Dyed-Oak-Crown-Silver-white-FA55.jpg,
1673,Twilight Grey,Grey Series,,F870,twilight-grey,8ft. x 4ft.,Twilight-Grey-F870.jpg,Twilight-Grey-F870.jpg,
1674,Midnight Grey,Grey Series,,F871,midnight-grey,8ft. x 4ft.,Midnight-Grey-F871.jpg,Midnight-Grey-F871.jpg,
1675,Steel Grey Crown,Grey Series,,F877,steel-grey-crown,8ft. x 4ft.,Steel-Grey-Crown-F877.jpg,Steel-Grey-Crown-F877.jpg,
1676,Vintage Grey,Grey Series,,F872,vintage-grey,8ft. x 4ft.,Vintage-Grey-F872.jpg,Vintage-Grey-F872.jpg,
1677,Cheddar Grey,Grey Series,,F875,cheddar-grey,8ft. x 4ft.,Cheddar-Grey-Crown-F875.jpg,Cheddar-Grey-Crown-F875.jpg,
1678,Parmesan Grey,Grey Series,,F876,parmesan-grey,8ft. x 4ft.,Parmesan-Grey-Crown-F876.jpg,Parmesan-Grey-Crown-F876.jpg,
1679,Tanned Veins,Teak Series,,F827,tanned-veins,8ft. x 4ft.,Tanned-Veins-F827.jpg,Tanned-Veins-F827.jpg,
1680,Flaxen Wash,Teak Series,,T856,flaxen-wash,8ft. x 4ft.,Flaxen-Wash-T856.jpg,Flaxen-Wash-T856.jpg,
1681,Colonial Teak Crown,Teak Series,,F887,colonial-teak-crown,8ft. x 4ft.,Colonial-Teak-Crown-F887.jpg,Colonial-Teak-Crown-F887.jpg,
1682,Classic Teak,Teak Series,,FA07,classic-teak,8ft. x 4ft.,Classic-teak-FA07-N.jpg,Classic-teak-FA07.jpg,
1683,Burma Teak Crown Gl,Teak Series,,F820,burma-teak-crown-gl,8ft. x 4ft.,Burma-Teak-Crown-GL-F820.jpg,Burma-Teak-Crown-GL-F820.jpg,
1684,Teak Veins Crown,Teak Series,,F641,teak-veins-crown,8ft. x 4ft.,Teak-Veins-Crown-F641.jpg,Teak-Veins-Crown-F641.jpg,
1685,Flowery Teak Crown,Teak Series,,FA53,flowery-teak-crown,8ft. x 4ft.,Flowery-Teak-Crown-FA53-N.jpg,Flowery-Teak-Crown-FA53-N.jpg,
1686,Almond Teak,Teak Series,,F853,almond-teak,8ft. x 4ft.,Almond-Teak-F853.jpg,Almond-Teak-F853.jpg,
1687,Teak Divine,Teak Series,,F997,teak-divine,8ft. x 4ft.,Teak-Divine-F997-N.jpg,Teak-Divine-F997-N.jpg,
1688,Dark Teak Qtr,Teak Series,,FA09,dark-teak-qtr,8ft. x 4ft.,Dark-teak-QTR-FA09-N.jpg,Dark-teak-QTR-FA09-N.jpg,
1689,Royal Teak,Teak Series,,F777,royal-teak,8ft. x 4ft.,Royal-Teak-F777.jpg,Royal-Teak-F777.jpg,
1690,Dusky Bars,Teak Series,,T864,dusky-bars,8ft. x 4ft.,Dusky-Bars-T864.jpg,Dusky-Bars-T864.jpg,
1691,Cappuccino Streaks,Teak Series,,F848,cappuccino-streaks,8ft. x 4ft.,Cappuccino-Streaks-F848.jpg,Cappuccino-Streaks-F848.jpg,
1692,Golden Teak,Teak Series,,F779,golden-teak,8ft. x 4ft.,Golden-Teak-F779.jpg,Golden-Teak-F779.jpg,
1693,Honey Streaks,Teak Series,,T862,honey-streaks,8ft. x 4ft.,Honey-Streaks-T862.jpg,Honey-Streaks-T862.jpg,
1694,Teak Rails,Teak Series,,T873,teak-rails,8ft. x 4ft.,Teak-Rails-T873.jpg,Teak-Rails-T873.jpg,
1695,Caramel Bars,Teak Series,,T865,caramel-bars,8ft. x 4ft.,Caramel-Bars-T865.jpg,Caramel-Bars-T865.jpg,
1696,Blonde Streaks,Teak Series,,T861,blonde-streaks,8ft. x 4ft.,Blonde-Streaks-T861.jpg,Blonde-Streaks-T861.jpg,
1697,Bronzed Stains,Teak Series,,T851,bronzed-stains,8ft. x 4ft.,Bronzed-Stains-T851.jpg,Bronzed-Stains-T851.jpg,
1698,Grainless Teak,Teak Series,,T875,grainless-teak,8ft. x 4ft.,Grainless-Teak-T875.jpg,Grainless-Teak-T875.jpg,
1699,Roasted Walnut Crown,Medium Series,,FA24,roasted-walnut-crown,8ft. x 4ft.,Roasted-Walnut-Crown-FA24-N.jpg,Roasted-Walnut-Crown-FA24-N.jpg,
1700,Swiss Walnut,Medium Series,,F747,swiss-walnut,8ft. x 4ft.,Swiss-Walnut-F747-N.jpg,Swiss-Walnut-F747-N.jpg,
1701,Classic American Red Oak Crown ,Medium Series,,FA67,classic-american-red-oak-crown,8ft. x 4ft.,Classic-American-Red-Oak-Crown-FA67.jpg,Classic-American-Red-Oak-Crown-FA67.jpg,
1702,Classic American White Oak Crown ,Medium Series,,FA66,classic-american-white-oak-crown,8ft. x 4ft.,Classic-American-White-Oak-Crown-FA66.jpg,Classic-American-White-Oak-Crown-FA66.jpg,
1703,Classic Rosewood,Medium Series,,F998,classic-rosewood,8ft. x 4ft.,Classic-Rosewood-F998-N.jpg,Classic-Rosewood-F998-N.jpg,
1704,Santos Rosewood,Medium Series,,F993,santos-rosewood,8ft. x 4ft.,Santos-Rosewood-F993.jpg,Santos-Rosewood-F993.jpg,
1705,Caramel Santos,Medium Series,,F968,caramel-santos,8ft. x 4ft.,Caramel-Santos-F968.jpg,Caramel-Santos-F968.jpg,
1706,Vintage American Walnut,Medium Series,,F978,vintage-american-walnut,8ft. x 4ft.,Vintage-American-Walnut-F978-N.jpg,Vintage-American-Walnut-F978-N.jpg,
1707,American Walnut Crown,Medium Series,,F767,american-walnut-crown,8ft. x 4ft.,American-Walnut-Crown-F767.jpg,American-Walnut-Crown-F767.jpg,
1708,Neo Zebrano,Medium Series,,F831,neo-zebrano,8ft. x 4ft.,Neo-Zebrano-F831.jpg,Neo-Zebrano-F831.jpg,
1709,Brush Wood,Medium Series,,F714,brush-wood,8ft. x 4ft.,Brush-Wood-F714.jpg,Brush-Wood-F714.jpg,
1710,Sapeli Chime,Medium Series,,F716,sapeli-chime,8ft. x 4ft.,Sapeli-Chime-F716.jpg,Sapeli-Chime-F716.jpg,
1711,Blended Tan,Medium Series,,F610,blended-tan,8ft. x 4ft.,Blended-Tan-F610.jpg,Blended-Tan-F610.jpg,
1712,Royal Rust,Medium Series,,F743,royal-rust,8ft. x 4ft.,Royal-Rust-F743.jpg,Royal-Rust-F743.jpg,
1713,Mahogany Crown,Medium Series,,F695,mahogany-crown,8ft. x 4ft.,Mahogany-Crown-F695256x512.jpg,Mahogany-Crown-F695-1500x3000.jpg?v=2,
1714,Dark American Walnut Crown,Dark Series,,FA27,dark-american-walnut-crown,8ft. x 4ft.,Dark-American-Walnut-Crown-FA27.jpg,Dark-American-Walnut-Crown-FA27.jpg,
1715,Dyed Ash Wine Brown,Dark Series,,FA57,dyed-ash-wine-brown,8ft. x 4ft.,Dyed-Ash-Wine-Brown-FA57.jpg,Dyed-Ash-Wine-Brown-FA57.jpg,
1716,Smoked Santos,Dark Series,,F992,smoked-santos,8ft. x 4ft.,Smoked-Santos-F992.jpg,Smoked-Santos-F992.jpg,
1717,Pristine Oak,Dark Series,,F969,pristine-oak,8ft. x 4ft.,Pristine-Oak-F969.jpg,Pristine-Oak-F969.jpg,
1718,Brewed Oak,Dark Series,,F970,brewed-oak,8ft. x 4ft.,Brewed-Oak-F970.jpg,Brewed-Oak-F970.jpg,
1719,Smoked Walnut Crown,Dark Series,,F983,smoked-walnut-crown,8ft. x 4ft.,Smoked-Walnut-Crown-F983.jpg,Smoked-Walnut-Crown-F983.jpg,
1720,Wenge Crown,Dark Series,,F824,wenge-crown,8ft. x 4ft.,Wenge-Crown-F824.jpg,Wenge-Crown-F824.jpg,
1721,Chocolate Santos,Dark Series,,F888,chocolate-santos,8ft. x 4ft.,Chocolate-Santos-F888.jpg,Chocolate-Santos-F888.jpg,
1722,Coffee Walnut Crown,Dark Series,,F882,coffee-walnut-crown,8ft. x 4ft.,Coffee-Walnut-Crown-F882.jpg,Coffee-Walnut-Crown-F882.jpg,
1723,Roasted Oak,Dark Series,,F880,roasted-oak,8ft. x 4ft.,Roasted-Oak-F880.jpg,Roasted-Oak-F880.jpg,
1724,Burnt Walnut,Dark Series,,F858,burnt-walnut,8ft. x 4ft.,Burnt-Walnut-F858.jpg,Burnt-Walnut-F858.jpg,
1725,Brazilian Rose Wood,Dark Series,,F729,brazilian-rose-wood,8ft. x 4ft.,Brazilian-Rose-Wood-F729.jpg,Brazilian-Rose-Wood-F729.jpg,
1726,Caffeine Oak,Dark Series,,F836,caffeine-oak,8ft. x 4ft.,Caffeine-Oak-F836.jpg,Caffeine-Oak-F836.jpg,
1727,Lauropreto Crown,Dark Series,,F837,lauropreto-crown,8ft. x 4ft.,Louro-Preto-Crown-F837.jpg,Louro-Preto-Crown-F837.jpg,
1728,Smoked Wenge Crown,Dark Series,,F838,smoked-wenge-crown,8ft. x 4ft.,Smoked-Wenge-Crown-F838.jpg,Smoked-Wenge-Crown-F838.jpg,
1729,Dusky Wenge Crown,Dark Series,,F646,dusky-wenge-crown,8ft. x 4ft.,Dusky-Wenge-Crown-F646.jpg,Dusky-Wenge-Crown-F646.jpg,
1730,Walnut Clatter Crown,Dark Series,,F692,walnut-clatter-crown,8ft. x 4ft.,Walnut-Clatter-Crowm-F692.jpg,Walnut-Clatter-Crowm-F692.jpg,
1731,Dusty Rails Crown,Dark Series,,F668,dusty-rails-crown,8ft. x 4ft.,Dusty-Rails-Crown-F668.jpg,Dusty-Rails-Crown-F668.jpg,
1732,Brown Ebony Crown,Dark Series,,F844,brown-ebony-crown,8ft. x 4ft.,Brown-Ebony-Crown-F844.jpg,Brown-Ebony-Crown-F844.jpg,
1733,Flitch Wenge,Dark Series,,F852,flitch-wenge,8ft. x 4ft.,Flitch-Wenge-F852.jpg,Flitch-Wenge-F852.jpg,
1734,Dark Wenge,Dark Series,,F735,dark-wenge,8ft. x 4ft.,Dark-Wenge-F735.jpg,Dark-Wenge-F735.jpg,
1735,Striped Wenge,Dark Series,,F830,striped-wenge,8ft. x 4ft.,Striped-Wenge-F830.jpg,Striped-Wenge-F830.jpg,
1736,Wenge Mane,Dark Series,,F631,wenge-mane,8ft. x 4ft.,Wenge-Mane-F631.jpg,Wenge-Mane-F631.jpg,
1737,Wenge Thud,Dark Series,,F620,wenge-thud,8ft. x 4ft.,Wenge-Thud-F620.jpg,Wenge-Thud-F620.jpg,
1738,Smoaky Oak,Dark Series,,F731,smoaky-oak,8ft. x 4ft.,Smoaky-Oak-F731.jpg,Smoaky-Oak-F731.jpg,
1739,Fumed Oak,Dark Series,,F745,fumed-oak,8ft. x 4ft.,Fumed-Oak-F745.jpg,Fumed-Oak-F745.jpg,
1740,Walnut Tinkle,Dark Series,,F613,walnut-tinkle,8ft. x 4ft.,Walnut-Tinkle-F613.jpg,Walnut-Tinkle-F613.jpg,
1741,Fumed Walnut,Dark Series,,F741,fumed-walnut,8ft. x 4ft.,Fumed-Walnut-F741.jpg,Fumed-Walnut-F741.jpg,
1742,Classic Walnut,Dark Series,,S061,classic-walnut,8ft. x 4ft.,Classic-Walnut-S061.jpg,Classic-Walnut-S061.jpg,
1743,Neo Ebony,Dark Series,,F846,neo-ebony,8ft. x 4ft.,Neo-Ebony-F846.jpg,Neo-Ebony-F846.jpg,
1744,Stonewashed Ebony,Dark Series,,F661,stonewashed-ebony,8ft. x 4ft.,Stonewashed-Ebony-F661.jpg,Stonewashed-Ebony-F661.jpg,
1745,Rose Contours,Dark Series,,F602,rose-contours,8ft. x 4ft.,Rose-Contours-F602.jpg,Rose-Contours-F602.jpg,
1746,Dusky Forest,Dark Series,,F988,dusky-forest,8ft. x 4ft.,Dusky-Forest -F988.jpg,Dusky-Forest -F988.jpg,
1747,Exotic Oak Crown,Light Series,,FA03,exotic-oak-crown,8ft. x 4ft.,Exotic-oak-Crown-FA03.jpg,Exotic-oak-Crown-FA03.jpg,
1748,Atlantic Ash,Light Series,,FA05,atlantic-ash,8ft. x 4ft.,Atlantic-Ash-FA05.jpg,Atlantic-Ash-FA05.jpg,
1749,Satin Maple Crown,Light Series,,F977,satin-maple-crown,8ft. x 4ft.,Satin-Maple-Crown-F977.jpg,Satin-Maple-Crown-F977.jpg,
1750,Pearly Oak,Light Series,,F878,pearly-oak,8ft. x 4ft.,Pearly-Oak-F878.jpg,Pearly-Oak-F878.jpg,
1751,Wavy Oak,Light Series,,F869,wavy-oak,8ft. x 4ft.,Wavy-Oak-F869.jpg,Wavy-Oak-F869.jpg,
1752,Creamy Oak,Light Series,,F881,creamy-oak,8ft. x 4ft.,Creamy-Oak-F881.jpg,Creamy-Oak-F881.jpg,
1753,Caramel Oak Crown,Light Series,,F886,caramel-oak-crown,8ft. x 4ft.,Caramel-Oak-Crown-F886.jpg,Caramel-Oak-Crown-F886.jpg,
1754,White Oak Thud Crown,Light Series,,F612,white-oak-thud-crown,8ft. x 4ft.,White-Oak-Thud-Crown-F612.jpg,White-Oak-Thud-Crown-F612.jpg,
1755,Soft Frail,Light Series,,F614,soft-frail,8ft. x 4ft.,Soft-Frail-F614.jpg,Soft-Frail-F614.jpg,
1756,Smoky Trail,Light Series,,F713,smoky-trail,8ft. x 4ft.,Smoky-Trail-F713.jpg,Smoky-Trail-F713.jpg,
1757,Canadian Roll,Light Series,,F691,canadian-roll,8ft. x 4ft.,Canadian-Roll-F691.jpg,Canadian-Roll-F691.jpg,
1758,New White Oak Quarter,Light Series,,F816,new-white-oak-quarter,8ft. x 4ft.,New-White-Oak-Quarter-F816.jpg,New-White-Oak-Quarter-F816.jpg,
1759,White Oak Swish,Light Series,,F673,white-oak-swish,8ft. x 4ft.,White-Oak-Swish-F673.jpg,White-Oak-Swish-F673.jpg,
1760,Beech Trace,Light Series,,F710,beech-trace,8ft. x 4ft.,Beech-Trace-F710.jpg,Beech-Trace-F710.jpg,
1761,White Beech Jingle,Light Series,,F626,white-beech-jingle,8ft. x 4ft.,White-Beech-Jingle-F626.jpg,White-Beech-Jingle-F626.jpg,
1762,Contoured Louropreto,Abstract Series,,F879,contoured-louropreto,8ft. x 4ft.,Contoured-Louro-Preto-F879.jpg,Contoured-Louro-Preto-F879.jpg,
1763,Dyed Tamo Ash Choco Grey,Abstract Series,,FA13,dyed-tamo-ash-choco-grey,8ft. x 4ft.,Dyed-Tamo-Ash-Choco-Grey-FA13-N.jpg,Dyed-Tamo-Ash-Choco-Grey-FA13-N.jpg,
1764,Rippled Birch,Abstract Series,,F890,rippled-birch,8ft. x 4ft.,Rippled-Birch-F890.jpg,Rippled-Birch-F890.jpg,
1765,Contoured Salmon Rosewood,Abstract Series,,F900,contoured-salmon-rosewood,8ft. x 4ft.,Contoured-Salmon-Rosewood-F900.jpg,Contoured-Salmon-Rosewood-F900.jpg,
1766,Twilight Call,Dyed Series,,F632,twilight-call,8ft. x 4ft.,Twilight-Call-F632.jpg,Twilight-Call-F632.jpg,
1767,Grey Sound,Dyed Series,,F642,grey-sound,8ft. x 4ft.,Grey-Sound-F642.jpg,Grey-Sound-F642.jpg,
1768,Santos Rosewood Horizontal,Horizontal Series,,F993HZ,santos-rosewood-horizontal,8ft. x 4ft.,Santos-Rosewood-F993-N.jpg,Santos-Rosewood-F993-L.jpg,
1769,Neo Ebony Horizontal,Horizontal Series,,F846HZ,neo-ebony-horizontal,8ft. x 4ft.,Neo-Ebony-F846HZ.jpg,Neo-Ebony-F846HZ.jpg,
1770,Rippled Birch Horizontal,Horizontal Series,,F890HZ,rippled-birch-horizontal,8ft. x 4ft.,Rippled-Birch-F890HZ.jpg,Rippled-Birch-F890HZ.jpg,
1771,Royal Teak Horizontal,Horizontal Series,,F777HZ,royal-teak-horizontal,8ft. x 4ft.,Royal-Teak-F777HZ.jpg,Royal-Teak-F777HZ.jpg,
1772,Bronzed Stains Horizontal,Horizontal Series,,T851HZ,bronzed-stains-horizontal,8ft. x 4ft.,Bronzed-Stains-T851HZ.jpg,Bronzed-Stains-T851HZ.jpg,
1773,Dyed Sycamore Crown,10x4ft Series,,FA97X,dyed-sycamore-crown,10ft. x 4ft.,FA97-new.jpg,FA97-new.jpg,
1774,California Walnut,10x4ft Series,,FA98X,california-walnut,10ft. x 4ft.,FA98-new.jpg,FA98-new.jpg,
1775,Natural Maple Df,10x4ft Series,,FA94X,natural-maple-dyed-figured,10ft. x 4ft.,FA94--new.jpg,FA94--new.jpg,
1776,English Maple Df,10x4ft Series,,FA95X,english-maple-df,10ft. x 4ft.,FA95--new.jpg,FA95--new.jpg,
1777,Dyed Grey,10x4ft Series,,FA96X,dyed-grey,10ft. x 4ft.,FA96-new.jpg,FA96-new.jpg,
1778,Dyed Ash Crown Brown,10x4ft Series,,FA99X,dyed-ash-crown-brown,10ft. x 4ft.,FA99-new.jpg,FA99-new.jpg,
1779,Dyed Ash Crown Grey,10x4ft Series,,FB01X,dyed-ash-crown-grey,10ft. x 4ft.,FB01-new.jpg,FB01-new.jpg,
1780,Dyed Oak Quarter Brown,10x4ft Series,,FB02X,dyed-oak-quarter-brown,10ft. x 4ft.,FB02-new.jpg,FB02-new.jpg,
1781,Dyed Oak Quarter White,10x4ft Series,,FB03X,dyed-oak-quarter-white,10ft. x 4ft.,FB03-new.jpg,FB03-new.jpg,
1782,Dyed Oak Crown Grey,10x4ft Series,,FB04X,dyed-oak-crown-grey,10ft. x 4ft.,FB04-new.jpg,FB04-new.jpg,
1783,Dyed Zebrano,10x4ft Series,,FB13X,dyed-zebrano,10ft. x 4ft.,FB13-new.jpg,FB13-new.jpg,
1784,Dyed Oak Brown,10x4ft Series,,FB14X,dyed-oak-rift-milano-brown,10ft. x 4ft.,FB14-new.jpg,FB14-new.jpg,
1785,American Walnut Crown,10x4ft Series,,F767X,american-walnut-crown,10ft. x 4ft.,F767-new.jpg,F767-new.jpg,
1786,American Walnut Quarter,10x4ft Series,,F790X,american-walnut-quarter,10ft. x 4ft.,F790-new.jpg,F790-new.jpg,
1787,Tanned Veins,10x4ft Series,,F827X,tanned-veins,10ft. x 4ft.,F827-new.jpg,F827-new.jpg,
1788,Flitch Teak,10x4ft Series,,FA16X,flitch-teak,10ft. x 4ft.,FA16-new.jpg,FA16-new.jpg,
1789,Grainless Teak,10x4ft Series,,T875X,grainless-teak,10ft. x 4ft.,T875-new.jpg,T875-new.jpg,